group,task,a,b,F_a_to_b,p_a_to_b,F_b_to_a,p_b_to_a,lead_x_s,peak_r
grp-07,T0,P1,P2,5.78378030901597,0.029850746268656716,11.565767229293838,0.004975124378109453,60.0,-0.3985673944733943
grp-07,T0,P1,P3,5.324569269334407,0.014925373134328358,6.610453254065845,0.09950248756218906,-14.0,0.3582587711892542
grp-07,T0,P1,P4,7.735073431128839,0.38308457711442784,1.725487346774427,0.5174129353233831,54.0,-0.17430998698463934
grp-07,T0,P2,P3,6.855230400840309,0.004975124378109453,6.5069656140870995,0.01990049751243781,14.0,-0.47184231837653423
grp-07,T0,P2,P4,5.152924820365015,0.34328358208955223,1.5440911959591932,0.29850746268656714,9.0,-0.20557618266981376
grp-07,T0,P3,P4,3.4984084373926843,0.35323383084577115,1.7153363021822823,0.24378109452736318,-19.0,-0.2626279373264684
grp-07,T1,P1,P2,1.2433894461397916,0.7910447761194029,1.359653609408093,0.8308457711442786,-53.0,-0.11898223276482572
grp-07,T1,P1,P3,0.5079589733099031,0.8009950248756219,1.3605309773775704,0.44776119402985076,59.0,-0.13554916676197937
grp-07,T1,P1,P4,0.4746192305159753,0.7512437810945274,0.1309802148754046,0.6915422885572139,53.0,0.28139744221807667
grp-07,T1,P2,P3,14.552240736148624,0.08955223880597014,20.24936331474167,0.004975124378109453,-13.0,-0.5197141015962377
grp-07,T1,P2,P4,5.154748897823135,0.004975124378109453,6.090461402074928,0.08955223880597014,15.0,-0.2629019988113204
grp-07,T1,P3,P4,0.8784040479335954,0.43781094527363185,1.103578304976537,0.681592039800995,0.0,-0.16490270402009857
grp-07,T2,P1,P2,5.589016290495576,0.12935323383084577,7.729112894662377,0.11442786069651742,-54.0,0.29684487160399226
grp-07,T2,P1,P3,3.6715480911009974,0.27860696517412936,2.361899711900991,0.4129353233830846,-55.0,-0.20765382490371984
grp-07,T2,P1,P4,1.9187217658740328,0.23383084577114427,7.209875613831182,0.004975124378109453,-5.0,-0.2894276674143157
grp-07,T2,P2,P3,3.0229069258530523,0.3681592039800995,4.300915361992955,0.1044776119402985,-52.0,0.204479273519086
grp-07,T2,P2,P4,0.7925150295507459,0.7412935323383084,1.0927938208825543,0.5422885572139303,-39.0,-0.11229893252054969
grp-07,T2,P3,P4,5.683062890345997,0.004975124378109453,8.735431807287869,0.004975124378109453,8.0,-0.2437622393086895
grp-07,T3,P1,P2,5.561449346485281,0.1890547263681592,2.609231419149273,0.2537313432835821,26.0,0.22935488443046928
grp-07,T3,P1,P3,3.8014910104222412,0.23383084577114427,2.890154846140617,0.07960199004975124,-32.0,0.21563300705927663
grp-07,T3,P1,P4,5.395773853747802,0.13432835820895522,1.375895508439298,0.36318407960199006,35.0,-0.3294344182362032
grp-07,T3,P2,P3,4.229951755691065,0.15920398009950248,3.276871355437227,0.21890547263681592,-9.0,0.15496262403616404
grp-07,T3,P2,P4,7.743852724654192,0.004975124378109453,8.256941590759123,0.07960199004975124,-13.0,-0.3984020579128249
grp-07,T3,P3,P4,7.345605592684847,0.03980099502487562,5.824227243142316,0.07462686567164178,40.0,0.15918832320370582
grp-07,T4,P1,P2,2.9461421065386566,0.03980099502487562,2.125232399995889,0.27860696517412936,39.0,0.2740863399782581
grp-07,T4,P1,P3,4.005183921266197,0.11940298507462686,5.839088742646024,0.03980099502487562,-4.0,-0.29204816164550434
grp-07,T4,P1,P4,2.089046529030616,0.4427860696517413,6.72609050511353,0.004975124378109453,8.0,-0.390118201953182
grp-07,T4,P2,P3,4.905355201062008,0.0845771144278607,7.338182009958567,0.08955223880597014,-58.0,-0.35067693865815636
grp-07,T4,P2,P4,1.0007943128379193,0.7960199004975125,1.542594130081436,0.5621890547263682,60.0,-0.25373661831393207
grp-07,T4,P3,P4,5.915534303089106,0.004975124378109453,2.507357943292569,0.23880597014925373,30.0,-0.49258549378518846
grp-08,T0,P1,P2,0.009017345519418943,0.9353233830845771,0.14450021636122584,1.0,41.0,-5.5708491097094e-05
grp-08,T0,P1,P3,7.551942247308549,0.004975124378109453,14.021681159882311,0.004975124378109453,40.0,-0.3399415224597744
grp-08,T0,P1,P4,3.591190976871636,0.06467661691542288,5.023210316695637,0.07960199004975124,23.0,0.198667179479531
grp-08,T0,P2,P3,0.47958414242836456,0.9701492537313433,0.6797015033189692,0.6915422885572139,51.0,0.13172099711406984
grp-08,T0,P2,P4,0.8220543693639716,0.9701492537313433,0.5716250407157446,0.7412935323383084,18.0,-0.06307480881485208
grp-08,T0,P3,P4,9.329640467409067,0.004975124378109453,14.50795667757551,0.004975124378109453,-26.0,0.2567963918720874
grp-08,T1,P1,P2,0.06805619961152908,0.7114427860696517,0.046182560467690294,0.9900497512437811,-57.0,-0.10959498442493841
grp-08,T1,P1,P3,0.3676143286093677,0.9253731343283582,0.9417298843607661,0.8955223880597015,57.0,-0.2613752724381714
grp-08,T1,P1,P4,9.201120557369027,0.04975124378109453,6.612728939805081,0.23383084577114427,6.0,-0.31637693756715
grp-08,T1,P2,P3,0.9139794586572779,0.9601990049751243,1.213659521172827,0.5074626865671642,-44.0,-0.13079617341782646
grp-08,T1,P2,P4,57.352507843686816,0.004975124378109453,35.7603544834788,0.004975124378109453,-16.0,-0.44852239223277035
grp-08,T1,P3,P4,1.2006410901929854,0.4228855721393035,1.5556879028609731,0.2885572139303483,-36.0,-0.13140382740787832
grp-08,T2,P1,P2,4.1793495077473235,0.18407960199004975,3.186555021408384,0.39800995024875624,45.0,-0.24829092749110065
grp-08,T2,P1,P3,3.726208592121667,0.4228855721393035,4.085071021124712,0.4079601990049751,30.0,0.21699793096737677
grp-08,T2,P1,P4,8.757022291713733,0.1791044776119403,4.808285372039837,0.13930348258706468,55.0,-0.2464308630064517
grp-08,T2,P2,P3,1.4082594161411444,0.5124378109452736,0.4166996839268375,0.845771144278607,60.0,0.24044878900850197
grp-08,T2,P2,P4,1.5011582389918483,0.4626865671641791,0.6177855214845103,0.6218905472636815,-35.0,-0.11079456749986948
grp-08,T2,P3,P4,6.7358132910449795,0.0945273631840796,7.018756719940245,0.004975124378109453,-2.0,-0.23688543101892617
grp-08,T3,P1,P2,4.10668315052263,0.014925373134328358,10.98814916711302,0.01990049751243781,-2.0,0.33203086037480395
grp-08,T3,P1,P3,4.06783804895935,0.04975124378109453,2.50566979906045,0.24378109452736318,-4.0,-0.14441006434050083
grp-08,T3,P1,P4,0.9025271668795571,0.8805970149253731,0.22201271030174335,0.9253731343283582,49.0,-0.038276033585925434
grp-08,T3,P2,P3,13.73096397939518,0.024875621890547265,7.210840304709069,0.029850746268656716,15.0,-0.2451517265709548
grp-08,T3,P2,P4,0.7489644869064354,0.7860696517412935,0.18951227302743837,0.8756218905472637,47.0,-0.08871516086606761
grp-08,T3,P3,P4,3.982986963854662,0.39800995024875624,2.695603163305567,0.3582089552238806,-42.0,0.13571985453771848
grp-08,T4,P1,P2,1.1728117371389852,0.21393034825870647,1.7397934432807607,0.029850746268656716,-60.0,0.18892693221152887
grp-08,T4,P1,P3,2.218169219868121,0.2885572139303483,6.087474797291627,0.12935323383084577,-39.0,-0.3350424348900173
grp-08,T4,P1,P4,19.371377706414606,0.004975124378109453,27.301701689999533,0.004975124378109453,34.0,0.3074407603294525
grp-08,T4,P2,P3,0.5785536816820325,0.9104477611940298,0.740870668814883,0.7960199004975125,45.0,-0.2392125425074199
grp-08,T4,P2,P4,11.73518510223141,0.004975124378109453,8.250578310929376,0.004975124378109453,-20.0,-0.3332954995746112
grp-08,T4,P3,P4,1.621595695446111,0.2935323383084577,0.21889038385123757,1.0,54.0,0.36877350094285777
grp-09,T2,P2,P3,4.422527933300152,0.10945273631840796,5.9036580722225365,0.2835820895522388,-26.0,0.2550855539736103
grp-09,T3,P2,P3,3.775640555349198,0.26865671641791045,2.2955395583170763,0.417910447761194,35.0,-0.3066441148147002
grp-09,T4,P2,P3,6.531890828869868,0.12437810945273632,11.201309090078443,0.004975124378109453,9.0,0.2948018043980348
grp-10,T0,P1,P2,6.080775172474157,0.004975124378109453,9.073855350684674,0.004975124378109453,-23.0,0.42570312142142624
grp-10,T0,P1,P3,2.4305273924756725,0.22388059701492538,7.902243567834049,0.004975124378109453,-60.0,-0.38636798653190935
grp-10,T0,P1,P4,0.5791556572458132,0.7313432835820896,1.9415102408117364,0.7512437810945274,-6.0,0.06463482245416419
grp-10,T0,P2,P3,6.961497401029412,0.03482587064676617,1.1706048689304898,0.2537313432835821,28.0,-0.18812381500096118
grp-10,T0,P2,P4,1.2595505641788742,0.6368159203980099,1.3742254057551404,0.6218905472636815,-54.0,-0.28654021151833253
grp-10,T0,P3,P4,5.384392987570945,0.06467661691542288,3.261191909827483,0.3283582089552239,-53.0,0.16352963927399908
grp-10,T1,P1,P2,3.0356596623086123,0.24378109452736318,4.3731072822182036,0.1890547263681592,-35.0,-0.21242811794615588
grp-10,T1,P1,P3,7.945540990273061,0.06965174129353234,9.887330725437797,0.009950248756218905,-19.0,-0.25644317923861154
grp-10,T1,P1,P4,0.8244187054310358,0.4527363184079602,0.9782083977662086,0.572139303482587,-53.0,0.7398204717173682
grp-10,T1,P2,P3,14.674824008258739,0.004975124378109453,9.631442393718308,0.004975124378109453,-5.0,0.28917709190347024
grp-10,T1,P2,P4,13.413455888169489,0.024875621890547265,12.36962296667123,0.01990049751243781,-19.0,-0.2502381915910659
grp-10,T1,P3,P4,1.5288830921609706,0.42786069651741293,2.337065684171225,0.6965174129353234,41.0,0.28948066212817697
grp-10,T2,P1,P2,1.3775337521494098,0.22885572139303484,0.778281560039624,0.4129353233830846,42.0,-0.17512302382523065
grp-10,T2,P1,P3,0.992175441975971,0.6716417910447762,0.6182590382085065,0.8855721393034826,44.0,-0.1644764036258576
grp-10,T2,P1,P4,6.439656675799982,0.11442786069651742,7.2211065465041315,0.11940298507462686,-45.0,-0.17041509643880398
grp-10,T2,P2,P3,2.886278728941916,0.24875621890547264,1.4502149200843288,0.1691542288557214,54.0,-0.30111648271357594
grp-10,T2,P2,P4,0.3211670007973617,0.4427860696517413,0.8434826885996728,0.46766169154228854,60.0,-0.1189065081903311
grp-10,T2,P3,P4,2.113541386075189,0.263681592039801,1.9812468985796496,0.7114427860696517,49.0,0.22476882186018132
grp-10,T3,P1,P2,9.122192549883776,0.029850746268656716,7.6599626228227455,0.014925373134328358,20.0,-0.40275389362911457
grp-10,T3,P1,P3,4.683219553267754,0.04477611940298507,11.379114247380697,0.04477611940298507,9.0,-0.4724059065860611
grp-10,T3,P1,P4,3.149018982656074,0.20398009950248755,2.1531381552110544,0.5870646766169154,-2.0,-0.29812226443001383
grp-10,T3,P2,P3,19.582424930625553,0.004975124378109453,117.56316922174409,0.004975124378109453,-10.0,0.7448365776775899
grp-10,T3,P2,P4,0.08596731963800604,0.572139303482587,0.146284893370182,0.48756218905472637,-57.0,-0.029062134185383087
grp-10,T3,P3,P4,0.006929567019668945,0.3781094527363184,0.0041160439464975225,0.5920398009950248,-60.0,0.03729098588234386
grp-10,T4,P1,P2,0.2936443851839766,0.7860696517412935,0.7326236165488136,0.7064676616915423,-60.0,0.14410032313510995
grp-10,T4,P1,P3,6.3928304754301895,0.004975124378109453,11.8326408470844,0.004975124378109453,-20.0,0.4440108746247443
grp-10,T4,P1,P4,14.549349236232336,0.004975124378109453,40.18468854912334,0.004975124378109453,8.0,0.7461732205753032
grp-10,T4,P2,P3,0.17745833770605474,0.8905472636815921,0.1804812456373122,0.5422885572139303,34.0,0.05896683801231168
grp-10,T4,P2,P4,0.006060539177473396,0.900497512437811,0.016641767462699936,0.6169154228855721,28.0,0.01876566446020122
grp-10,T4,P3,P4,22.196710970469358,0.004975124378109453,23.420504090387574,0.004975124378109453,-13.0,-0.4821621282829721
grp-11,T1,P1,P2,5.619202514044145,0.39800995024875624,2.7805160437322796,0.5522388059701493,-21.0,-0.19104815193336583
grp-11,T1,P1,P3,0.38060325546922585,0.9701492537313433,1.8918623901857323,0.05970149253731343,-40.0,-0.2942819729942715
grp-11,T1,P1,P4,2.6130434685958104,0.42786069651741293,3.1283240563573473,0.44776119402985076,36.0,-0.35600329483122817
grp-11,T1,P2,P3,3.8702253358130103,0.004975124378109453,5.549098700513252,0.004975124378109453,-33.0,-0.3564642014283485
grp-11,T1,P2,P4,8.41478666184049,0.004975124378109453,10.442736952732563,0.004975124378109453,-19.0,0.4842869551353455
grp-11,T1,P3,P4,3.5572396561581687,0.07960199004975124,5.477182087898034,0.004975124378109453,-4.0,0.3657820760840761
grp-13,T0,P2,P3,21.827085309541573,0.004975124378109453,31.556649517168562,0.004975124378109453,-20.0,0.44624950211050673
grp-13,T1,P2,P3,7.87380451773696,0.01990049751243781,7.519255713672868,0.03980099502487562,-37.0,0.2487135631184671
grp-13,T2,P2,P3,32.23747918059268,0.004975124378109453,30.144073452246566,0.004975124378109453,13.0,-0.6654347271453976
grp-13,T3,P2,P3,2.7509272772150353,0.004975124378109453,5.400216467421279,0.07462686567164178,-10.0,-0.180432634746321
grp-13,T4,P2,P3,9.775639944975955,0.004975124378109453,7.55446927878061,0.004975124378109453,25.0,0.5173620758214971
grp-14,T0,P1,P2,13.901827583198218,0.004975124378109453,14.127406180056107,0.004975124378109453,-21.0,0.5931285521349309
grp-14,T0,P1,P3,2.4287472170900726,0.6368159203980099,3.206679806687243,0.004975124378109453,13.0,0.22313976971708685
grp-14,T0,P1,P4,5.646369857919366,0.04975124378109453,3.969711586581035,0.004975124378109453,-60.0,0.3424257146962664
grp-14,T0,P2,P3,3.667094704951868,0.8159203980099502,6.417495215387289,0.004975124378109453,-26.0,-0.2596271941996531
grp-14,T0,P2,P4,15.135062199018762,0.004975124378109453,4.703652999474458,0.004975124378109453,-26.0,0.46483755881757366
grp-14,T0,P3,P4,2.8578284409995343,0.8656716417910447,3.5218602396060446,0.6666666666666666,-20.0,0.1765289906956245
grp-14,T1,P1,P2,10.102447402433818,0.03482587064676617,9.628563697579242,0.08955223880597014,-35.0,0.2849442780362464
grp-14,T1,P1,P3,2.2964423600599453,0.16417910447761194,3.0943363551507805,0.19900497512437812,30.0,0.3098200320592568
grp-14,T1,P1,P4,1.106464252109607,0.945273631840796,0.9017009976556029,0.46766169154228854,46.0,0.14275772907542172
grp-14,T1,P2,P3,2.123171507377898,0.35323383084577115,2.001298758739425,0.3781094527363184,-43.0,0.23578930561299447
grp-14,T1,P2,P4,3.3488923038096914,0.3582089552238806,4.917328816472158,0.06965174129353234,-38.0,0.2778350504710863
grp-14,T1,P3,P4,2.829643699827042,0.30845771144278605,1.4443810755241295,0.1691542288557214,44.0,0.26419016610146484
grp-14,T2,P1,P2,0.8818810023693081,0.8656716417910447,0.9508729463800737,0.900497512437811,-60.0,-0.14601239142366604
grp-14,T2,P1,P3,2.63642652832835,0.2835820895522388,2.0998907976884196,0.4925373134328358,27.0,0.1925760904515621
grp-14,T2,P1,P4,6.25531491824066,0.004975124378109453,6.51677065869355,0.03482587064676617,41.0,0.2339591339868857
grp-14,T2,P2,P3,0.41796858121983743,0.8955223880597015,1.1978153520299553,0.8159203980099502,59.0,0.13882242853674312
grp-14,T2,P2,P4,8.45254875862787,0.029850746268656716,4.939482063942163,0.06965174129353234,59.0,0.1890064492455376
grp-14,T2,P3,P4,4.093659143152926,0.208955223880597,3.9421804270631027,0.06965174129353234,-46.0,0.19824086357263437
grp-14,T3,P1,P2,8.851016701153968,0.04477611940298507,9.085598555461043,0.05970149253731343,17.0,-0.25954397430429926
grp-14,T3,P1,P3,9.780858942147185,0.004975124378109453,6.421871271539522,0.024875621890547265,5.0,0.3201347840894274
grp-14,T3,P1,P4,4.9398628754790535,0.05970149253731343,8.230098609387827,0.07960199004975124,-19.0,0.3465840251385602
grp-14,T3,P2,P3,2.6537551080496873,0.3681592039800995,1.085765160103416,0.845771144278607,-56.0,0.15381968770322588
grp-14,T3,P2,P4,5.874544349951764,0.004975124378109453,10.22379911584384,0.004975124378109453,-60.0,-0.3150682099426883
grp-14,T3,P3,P4,0.8395298118311754,0.7512437810945274,2.506505878617641,0.20398009950248755,42.0,-0.29559423950820585
grp-14,T4,P1,P2,1.218648456900636,0.29850746268656714,3.4904402257717537,0.09950248756218906,1.0,0.4876231427155419
grp-14,T4,P1,P3,2.800689294383324,0.04975124378109453,3.5780273033737773,0.004975124378109453,3.0,0.2922077673453052
grp-14,T4,P1,P4,4.955010541430296,0.004975124378109453,5.270808917938216,0.04477611940298507,-25.0,-0.30874503895057687
grp-14,T4,P2,P3,4.967639789646432,0.15920398009950248,2.353974558438202,0.34328358208955223,32.0,-0.2757375297861676
grp-14,T4,P2,P4,8.21564017864721,0.004975124378109453,6.30744651944406,0.004975124378109453,-27.0,-0.29520432524499673
grp-14,T4,P3,P4,9.406586738095786,0.029850746268656716,11.096316799458839,0.004975124378109453,-12.0,0.36292253780081396
grp-15,T0,P1,P2,2.610992032045914,0.0945273631840796,1.2779527804233999,0.5124378109452736,13.0,-0.2595049152324437
grp-15,T0,P1,P3,2.230901279998046,0.3383084577114428,1.4826522886498323,0.4129353233830846,47.0,0.14771561689772922
grp-15,T0,P1,P4,10.844417465321133,0.004975124378109453,9.823142318667072,0.004975124378109453,-28.0,-0.3167767166385848
grp-15,T0,P2,P3,3.2642752573094835,0.13432835820895522,2.0056434592843186,0.1890547263681592,56.0,-0.22686757278076145
grp-15,T0,P2,P4,9.690459211570502,0.004975124378109453,8.534053297988063,0.004975124378109453,0.0,0.3149740937889926
grp-15,T0,P3,P4,1.6071032870552713,0.39800995024875624,1.614504308909883,0.5621890547263682,-56.0,-0.18377789880175177
grp-15,T1,P1,P2,4.908598012148425,0.05472636815920398,7.657498945623009,0.009950248756218905,20.0,-0.16649913163557625
grp-15,T1,P1,P3,0.304823131504586,0.7860696517412935,0.36624864394923007,0.9303482587064676,55.0,-0.3524818633568832
grp-15,T1,P1,P4,1.8564871973997075,0.44776119402985076,2.45544197215682,0.43781094527363185,-16.0,0.08650327748584653
grp-15,T1,P2,P3,0.22749449761727247,0.8258706467661692,0.6190829100110193,0.9751243781094527,19.0,-0.05977689240610187
grp-15,T1,P2,P4,4.769179143811999,0.06965174129353234,4.930566371267128,0.0845771144278607,38.0,-0.11890127186555038
grp-15,T1,P3,P4,1.1544663111217128,0.5422885572139303,0.7607904859830156,0.014925373134328358,44.0,-0.5104889734585665
grp-15,T2,P1,P2,4.992862632350014,0.0845771144278607,7.508601031246711,0.004975124378109453,-48.0,-0.22954076086913697
grp-15,T2,P1,P3,2.9712964565165976,0.208955223880597,5.244819645255394,0.004975124378109453,3.0,0.21594010952329054
grp-15,T2,P1,P4,7.2800258405541305,0.004975124378109453,2.5113125543236947,0.04975124378109453,41.0,0.2709454139276522
grp-15,T2,P2,P3,1.4933946614668732,0.3482587064676617,0.8348853809020299,0.6169154228855721,33.0,0.2175255441190768
grp-15,T2,P2,P4,2.203319303333387,0.04975124378109453,0.846272451080811,0.6517412935323383,35.0,-0.1885379665902732
grp-15,T2,P3,P4,0.43698260597176214,0.527363184079602,0.23964636663520014,0.945273631840796,37.0,0.15594625023445663
grp-15,T3,P1,P2,5.69486416784695,0.0945273631840796,4.513458061918425,0.1691542288557214,2.0,-0.2544599125622488
grp-15,T3,P1,P3,5.4999843496751835,0.04975124378109453,8.721123138966158,0.12935323383084577,29.0,-0.2222682832584561
grp-15,T3,P1,P4,3.11873433858998,0.05472636815920398,10.171725655891146,0.004975124378109453,-28.0,0.22634154360055
grp-15,T3,P2,P3,4.69267421712098,0.014925373134328358,4.670205770708878,0.03980099502487562,-10.0,-0.19788365893850043
grp-15,T3,P2,P4,2.7613927708792336,0.04477611940298507,1.552611921407373,0.2736318407960199,-51.0,-0.14527664755000708
grp-15,T3,P3,P4,3.579386562025065,0.1691542288557214,4.690616116740873,0.03482587064676617,-27.0,-0.1530355608572822
grp-15,T4,P1,P2,10.678322829556086,0.004975124378109453,7.49905207836971,0.06965174129353234,32.0,0.3262996364822858
grp-15,T4,P1,P3,0.00472574021927557,0.9203980099502488,0.001149441937961396,1.0,9.0,0.0011193071592133146
grp-15,T4,P1,P4,8.041298645690587,0.004975124378109453,10.067102037473568,0.004975124378109453,-11.0,-0.3604171365149948
grp-15,T4,P2,P3,0.3669304904259381,0.736318407960199,0.7971058596377418,1.0,60.0,-0.22168733057234558
grp-15,T4,P2,P4,13.518549700953074,0.004975124378109453,17.125980038255147,0.004975124378109453,-60.0,0.4676463181483636
grp-15,T4,P3,P4,0.18151545479494122,1.0,0.12669000240220837,1.0,17.0,-0.05383870755366042
grp-16,T0,P1,P2,4.5726948939300485,0.029850746268656716,3.257082841025282,0.09950248756218906,-41.0,-0.24081294709879253
grp-16,T0,P1,P3,10.128254361493882,0.024875621890547265,7.974360233412846,0.014925373134328358,-32.0,-0.23696029624424067
grp-16,T0,P1,P4,5.141388073601418,0.16417910447761194,5.937357660875998,0.07960199004975124,-60.0,0.2580399287257093
grp-16,T0,P2,P3,2.82885314712551,0.04975124378109453,2.341221817075905,0.15920398009950248,-44.0,-0.3086855473350493
grp-16,T0,P2,P4,3.03181396314196,0.39800995024875624,2.0442327684612707,0.4626865671641791,37.0,-0.1401550416369124
grp-16,T0,P3,P4,3.9187194262749765,0.30845771144278605,10.519466444906389,0.03980099502487562,-49.0,0.3626072328150543
grp-16,T1,P1,P2,2.3316739319389725,0.36318407960199006,2.69877476798406,0.17412935323383086,-42.0,0.4508011209951048
grp-16,T1,P1,P3,1.0368239647207296,0.5671641791044776,0.669991019651173,0.681592039800995,1.0,0.22788208188627723
grp-16,T1,P1,P4,4.574093341066385,0.15920398009950248,2.027408762518745,0.1791044776119403,-34.0,-0.09341558655386287
grp-16,T1,P2,P3,0.58232702495836,0.7562189054726368,0.9064441412972464,0.835820895522388,59.0,-0.12830120601135975
grp-16,T1,P2,P4,1.62622797547507,0.15920398009950248,1.594809303539866,0.5870646766169154,60.0,-0.285353599303448
grp-16,T1,P3,P4,3.801918877828751,0.06965174129353234,6.679171149919467,0.004975124378109453,-1.0,-0.309073518117073
grp-16,T2,P1,P2,15.437599397939763,0.004975124378109453,8.055975010977567,0.004975124378109453,-8.0,0.3986626256011478
grp-16,T2,P1,P3,2.7620974904382973,0.06467661691542288,3.214133685468325,0.23880597014925373,31.0,-0.4415099062509231
grp-16,T2,P1,P4,2.3245135703749042,0.527363184079602,4.062513830902328,0.11940298507462686,-26.0,0.23491601558861697
grp-16,T2,P2,P3,3.342751957657288,0.31840796019900497,4.375031100816219,0.5621890547263682,40.0,-0.3282810939306539
grp-16,T2,P2,P4,2.3353429670525343,0.6766169154228856,1.7779907846412104,0.6616915422885572,60.0,0.2957723395724436
grp-16,T2,P3,P4,3.1452438362455655,0.7910447761194029,1.4345488458072924,0.6417910447761194,-11.0,-0.17219534099369455
grp-16,T3,P1,P2,2.9260417079416237,0.26865671641791045,3.014454727575734,0.2537313432835821,-31.0,-0.17411649191215808
grp-16,T3,P1,P3,3.9528438241733705,0.10945273631840796,7.403267979087425,0.01990049751243781,18.0,-0.15655303575162888
grp-16,T3,P1,P4,5.536784761654654,0.07462686567164178,7.29437935575314,0.06965174129353234,30.0,-0.23480465738748
grp-16,T3,P2,P3,1.7698970811527965,0.3383084577114428,4.094494359973368,0.17412935323383086,47.0,0.20916122650581156
grp-16,T3,P2,P4,12.503017973006822,0.004975124378109453,21.860029269822103,0.004975124378109453,-30.0,0.4663853327284037
grp-16,T3,P3,P4,3.491259934998103,0.29850746268656714,1.8586756820731054,0.4228855721393035,-7.0,0.17067936222971158
grp-16,T4,P1,P2,20.32857482218949,0.004975124378109453,17.186502919501894,0.004975124378109453,50.0,0.6759006048845246
grp-16,T4,P1,P3,2.678378382501781,0.26865671641791045,4.753966736466996,0.06467661691542288,38.0,0.36763986977709456
grp-16,T4,P1,P4,45.940628234951944,0.004975124378109453,39.00339829673452,0.004975124378109453,-8.0,-0.7112569020127582
grp-16,T4,P2,P3,6.586581891423132,0.26865671641791045,5.662897397005634,0.004975124378109453,-12.0,0.28075219937599305
grp-16,T4,P2,P4,18.433725043263543,0.004975124378109453,26.521082363857218,0.004975124378109453,-43.0,0.7059968038089511
grp-16,T4,P3,P4,1.9518857912048024,0.7412935323383084,2.7377148526976836,0.26865671641791045,-33.0,0.2748435045858188
