group,task,n,top_dominant,top_driver,match,spearman
grp-07,T1,4,P1,P2,0,-0.4472135954999579
grp-07,T2,4,P1,P4,0,0.2581988897471611
grp-07,T3,4,P3,P2,0,0.0
grp-07,T4,4,P2,P3,0,0.0
grp-09,T2,2,P2,P2,1,
grp-09,T3,2,P3,P2,0,
grp-09,T4,2,P2,P3,0,
grp-10,T1,4,P3,P3,1,0.5443310539518174
grp-10,T2,4,P3,P1,0,
grp-10,T3,4,P4,P1,0,
grp-10,T4,4,P3,P1,0,
grp-13,T1,2,P3,P2,0,
grp-13,T2,2,P3,P2,0,
grp-13,T3,2,P3,P2,0,-0.9999999999999999
grp-13,T4,2,P2,P2,1,
grp-14,T1,4,P2,P1,0,0.0
grp-14,T2,4,P2,P2,1,0.7745966692414834
grp-14,T3,4,P2,P1,0,-0.8164965809277261
grp-14,T4,4,P2,P1,0,
grp-15,T1,4,P3,P2,0,-0.8944271909999159
grp-15,T2,4,P3,P2,0,0.21081851067789195
grp-15,T3,4,P3,P4,0,-0.316227766016838
grp-15,T4,4,P3,P1,0,0.2581988897471611
grp-16,T1,4,P3,P4,0,-0.2581988897471611
grp-16,T2,4,P3,P1,0,
grp-16,T3,4,P4,P3,0,0.2721655269759087
grp-16,T4,4,P1,P3,0,
