group,task,early_tonic,early_phasic,engagement
grp-07,T1,0.26609034764178585,-0.0486130022934991,5.0
grp-07,T2,-0.05359297739994286,-0.014602131963563084,6.5
grp-07,T3,-0.030994838166982026,-0.03252749842432535,6.25
grp-09,T2,0.027732164225759522,-0.0786835201928931,5.25
grp-09,T3,-0.29985085386959953,0.0282711154258824,5.5
grp-10,T1,0.11036459780679991,-0.04284580965684023,5.0
grp-10,T2,0.07864458852961674,0.019565410637132588,6.25
grp-10,T3,0.05692132040414967,-0.039137389083322344,5.75
grp-13,T1,0.33882132800117115,0.02853224212077628,5.25
grp-13,T2,0.1396939386908767,-0.0953494433609969,3.6666666666666665
grp-13,T3,0.1345875567462484,-0.058421013569923685,5.0
grp-14,T1,-0.09363916057799379,0.094136832918701,6.25
grp-14,T2,0.12503374493919292,0.02727920374821468,5.75
grp-14,T3,0.10593347872459533,-0.011620071993295381,6.0
grp-15,T1,0.06287957518015815,0.01976565552872561,6.0
grp-15,T2,-0.0933559562691366,-0.025659720898941234,5.75
grp-15,T3,-0.0630540508692237,-0.009654008568643568,5.0
grp-16,T1,0.08606850688231854,0.01260895345741946,6.666666666666667
grp-16,T2,0.08082993568756681,0.003413625721243041,5.75
grp-16,T3,-0.04401649488394796,0.007769368581659341,6.0
