group,task,n,m_tonic,p_tonic,m_phasic,p_phasic,m_tonic_dt,p_tonic_dt
grp-07,T0,4,0.3277419657108186,0.004975124378109453,-0.025583985724385395,0.9203980099502488,0.07155471304110775,0.16417910447761194
grp-07,T1,4,0.04001778671847297,0.22885572139303484,-0.011935846476006042,0.8059701492537313,-0.01796178460906659,0.6567164179104478
grp-07,T2,4,-0.037295173330587995,0.7761194029850746,-0.020469755637980674,0.9701492537313433,-0.05246335340426746,0.8805970149253731
grp-07,T3,4,-0.03900579766918238,0.7960199004975125,0.011146459773049252,0.14925373134328357,-0.03965820807799806,0.8208955223880597
grp-07,T4,4,-0.0765135803454366,0.900497512437811,-0.0022578052029164457,0.582089552238806,-0.08663034929700353,0.9552238805970149
grp-08,T0,4,-0.04005162429026646,0.7313432835820896,-0.01692466743754612,0.8159203980099502,-0.089166393142787,0.9701492537313433
grp-08,T1,4,-0.04668162213559038,0.835820895522388,0.0016574383109288493,0.4577114427860697,-0.11137032846497649,0.9900497512437811
grp-08,T2,4,0.012145181359569636,0.3283582089552239,-0.00019145989645047667,0.5323383084577115,0.014611068398342919,0.3034825870646766
grp-08,T3,4,-0.026757608884781663,0.7263681592039801,-0.0030319054419730273,0.6069651741293532,-0.04553604551718184,0.8109452736318408
grp-08,T4,4,0.020344084140073774,0.34328358208955223,-0.01147518044001336,0.736318407960199,0.029194739838401068,0.3582089552238806
grp-09,T2,2,0.026073113719976344,0.39303482587064675,-0.0341247739513662,0.7810945273631841,-0.012708327345923991,0.5522388059701493
grp-09,T3,2,-0.09695874892506104,0.7711442786069652,-0.0017247565892902095,0.5870646766169154,-0.082860360057519,0.7562189054726368
grp-09,T4,2,-0.013057850182643388,0.5373134328358209,-0.08259292905883647,0.9651741293532339,0.0015904493118658546,0.5422885572139303
grp-10,T0,4,-0.017179711132141718,0.572139303482587,-0.0305279816779947,0.9900497512437811,-0.007142279477299905,0.5124378109452736
grp-10,T1,4,0.014795107347918326,0.36318407960199006,-0.03386408603508981,0.9900497512437811,0.06725465502798211,0.07462686567164178
grp-10,T2,4,0.09622681519598215,0.03980099502487562,0.003901194333812385,0.3582089552238806,0.05586104321000287,0.1691542288557214
grp-10,T3,4,-0.0002405896287286316,0.4975124378109453,-0.007391198382176346,0.8059701492537313,-0.04044174889282083,0.7761194029850746
grp-10,T4,4,-0.05353244279613143,0.8258706467661692,-0.01702247465773421,0.8756218905472637,-0.05305199699756134,0.8308457711442786
grp-11,T1,4,0.14958093751480642,0.03482587064676617,-0.027150803640066272,0.9054726368159204,0.14839414287660666,0.029850746268656716
grp-13,T0,2,0.2524779578889979,0.029850746268656716,-0.04509253844413832,0.9900497512437811,0.11848011857687576,0.13930348258706468
grp-13,T1,2,-0.008544607580011273,0.527363184079602,0.03382845030479885,0.15422885572139303,-0.15385138622885494,0.900497512437811
grp-13,T2,2,-0.0490108018475598,0.6915422885572139,-0.01310606729930222,0.7164179104477612,-0.060026834744998675,0.7014925373134329
grp-13,T3,2,-0.09119613120825086,0.8805970149253731,-0.07408300034397833,1.0,-0.07313418883693112,0.7412935323383084
grp-13,T4,2,0.2572028004133878,0.09950248756218906,-0.019313151306235017,0.6218905472636815,0.276755648873916,0.08955223880597014
grp-14,T0,4,0.26398378973098635,0.004975124378109453,0.022039680102911702,0.13930348258706468,0.1323278811934053,0.03980099502487562
grp-14,T1,4,0.006556739067074801,0.373134328358209,0.010925612966062464,0.2736318407960199,0.007965980807060732,0.4427860696517413
grp-14,T2,4,-0.01907013195571556,0.6318407960199005,0.020854671122779167,0.03980099502487562,0.003469958549595695,0.43283582089552236
grp-14,T3,4,0.05662883595641288,0.14427860696517414,-0.0049852208998151125,0.6069651741293532,0.0629516927529011,0.14427860696517414
grp-14,T4,4,0.1151691463621416,0.07462686567164178,0.01713396855514255,0.18407960199004975,0.17639508632830714,0.01990049751243781
grp-15,T0,4,-0.04976241867933051,0.8557213930348259,0.02692718973510577,0.009950248756218905,-0.033960446510996785,0.7164179104477612
grp-15,T1,4,0.08057730277787387,0.04477611940298507,-0.014429225744801493,0.8059701492537313,0.08834831149752845,0.03482587064676617
grp-15,T2,4,0.010720438491228355,0.32338308457711445,-0.0003978810583035164,0.43283582089552236,0.014525290932759513,0.4228855721393035
grp-15,T3,4,-0.015268475785396526,0.5970149253731343,0.0224658634313393,0.014925373134328358,-0.02169137810724395,0.6666666666666666
grp-15,T4,4,-0.07024967042570458,0.8656716417910447,0.018700453498536912,0.08955223880597014,-0.08712042493425753,0.9054726368159204
grp-16,T0,4,0.03266869522867234,0.22388059701492538,0.01791311111915402,0.03482587064676617,0.18305659482409223,0.004975124378109453
grp-16,T1,4,-0.023329952664783167,0.681592039800995,-0.007013677936861324,0.6567164179104478,-0.03688583143626448,0.6865671641791045
grp-16,T2,4,0.002457235511509417,0.4577114427860697,-0.010285373448912878,0.7114427860696517,0.015165603393046739,0.34328358208955223
grp-16,T3,4,-0.019518195871500846,0.6169154228855721,0.0028659141255169217,0.3880597014925373,-0.009455400924336735,0.5671641791044776
grp-16,T4,4,0.06627454522719575,0.23880597014925373,0.015324004056219637,0.24378109452736318,-0.04431886591847402,0.7412935323383084
